{"cameraMode":{"drawMode":0,"name":"Shaded","section":"Shading Mode"},"sceneLighting":false,"audioPlay":false,"sceneViewState":{"showFog":true,"showMaterialUpdate":false,"showSkybox":true,"showFlares":true,"showImageEffects":true,"showParticleSystems":true},"in2DMode":false,"pivot":{"x":8.235026359558106,"y":14.358065605163575,"z":-44.2049446105957},"rotation":{"x":0.38106802105903628,"y":-0.05957470089197159,"z":0.024614453315734865,"w":0.922297477722168},"size":19.464542388916017,"orthographic":false}