{"cameraMode":{"drawMode":0,"name":"Shaded","section":"Shading Mode"},"sceneLighting":false,"audioPlay":false,"sceneViewState":{"showFog":true,"showMaterialUpdate":false,"showSkybox":true,"showFlares":true,"showImageEffects":true,"showParticleSystems":true},"in2DMode":false,"pivot":{"x":0.33157873153686526,"y":0.9419271945953369,"z":-2.6907215118408205},"rotation":{"x":-0.02798481285572052,"y":-0.6717745065689087,"z":0.025413556024432184,"w":-0.7397905588150024},"size":7.770553112030029,"orthographic":false}