{"cameraMode":{"drawMode":0,"name":"Shaded","section":"Shading Mode"},"sceneLighting":false,"audioPlay":false,"sceneViewState":{"showFog":true,"showMaterialUpdate":false,"showSkybox":true,"showFlares":true,"showImageEffects":true,"showParticleSystems":true},"in2DMode":false,"pivot":{"x":4.76837158203125e-7,"y":0.0,"z":-9.5367431640625e-7},"rotation":{"x":-0.15714041888713838,"y":-0.014072773046791554,"z":0.002240440808236599,"w":-0.9874734878540039},"size":25.419347763061525,"orthographic":false}